time,open,high,low,close
2025-09-17 13:15:00,1.18563,1.18576,1.18552,1.18555
2025-09-17 13:30:00,1.18557,1.18567,1.18551,1.18552
2025-09-17 13:45:00,1.18552,1.18554,1.18515,1.18515
2025-09-17 14:00:00,1.18521,1.18531,1.18513,1.18522
2025-09-17 14:15:00,1.18523,1.18542,1.18519,1.18534
2025-09-17 14:30:00,1.18533,1.18542,1.18526,1.18539
2025-09-17 14:45:00,1.1854,1.1855,1.18524,1.18539
2025-09-17 15:00:00,1.18542,1.1859,1.18541,1.18581
2025-09-17 15:15:00,1.18578,1.18596,1.18564,1.18565
2025-09-17 15:30:00,1.18568,1.18577,1.18551,1.18551
2025-09-17 15:45:00,1.1855,1.18589,1.1855,1.18578
2025-09-17 16:00:00,1.18589,1.18589,1.18517,1.18527
2025-09-17 16:15:00,1.18527,1.18596,1.18527,1.18543
2025-09-17 16:30:00,1.1854,1.18557,1.18514,1.18528
2025-09-17 16:45:00,1.18524,1.1857,1.18516,1.18559
2025-09-17 17:00:00,1.18558,1.18559,1.18429,1.18435
2025-09-17 17:15:00,1.18436,1.18442,1.18381,1.18416
2025-09-17 17:30:00,1.18417,1.18452,1.18405,1.18441
2025-09-17 17:45:00,1.18442,1.18459,1.18403,1.18405
2025-09-17 18:00:00,1.18404,1.18428,1.18399,1.18405
2025-09-17 18:15:00,1.18407,1.18458,1.18399,1.18451
2025-09-17 18:30:00,1.18451,1.18455,1.1841,1.1845
2025-09-17 18:45:00,1.18452,1.18511,1.1845,1.1848
2025-09-17 19:00:00,1.18484,1.18497,1.18451,1.18455
2025-09-17 19:15:00,1.18459,1.18481,1.18435,1.1844
2025-09-17 19:30:00,1.1844,1.18455,1.1841,1.18452
2025-09-17 19:45:00,1.18455,1.18487,1.18446,1.18455
2025-09-17 20:00:00,1.18453,1.18468,1.18327,1.18349
2025-09-17 20:15:00,1.1835,1.18384,1.18336,1.18373
2025-09-17 20:30:00,1.1837,1.18429,1.18363,1.18425
2025-09-17 20:45:00,1.18429,1.18432,1.18337,1.18362
2025-09-17 21:00:00,1.18363,1.18425,1.18357,1.18403
2025-09-17 21:15:00,1.18404,1.18408,1.18353,1.18375
2025-09-17 21:30:00,1.18376,1.18447,1.1835,1.18431
2025-09-17 21:45:00,1.18432,1.1846,1.18383,1.18391
2025-09-17 22:00:00,1.18387,1.18398,1.18347,1.18362
2025-09-17 22:15:00,1.18361,1.18384,1.18341,1.18341
2025-09-17 22:30:00,1.1834,1.18401,1.1834,1.18393
2025-09-17 22:45:00,1.18385,1.18449,1.18383,1.18434
2025-09-17 23:00:00,1.18441,1.18485,1.18423,1.18459
2025-09-17 23:15:00,1.18457,1.18491,1.18433,1.18477
2025-09-17 23:30:00,1.18478,1.18513,1.18462,1.18507
2025-09-17 23:45:00,1.18507,1.18528,1.18457,1.18499
2025-09-18 00:00:00,1.18502,1.18542,1.1846,1.18521
2025-09-18 00:15:00,1.1852,1.1859,1.18513,1.18552
2025-09-18 00:30:00,1.18552,1.18564,1.18502,1.18505
2025-09-18 00:45:00,1.18505,1.18517,1.18476,1.18496
2025-09-18 01:00:00,1.18495,1.18526,1.18441,1.18506
2025-09-18 01:15:00,1.18505,1.18523,1.18481,1.18502
2025-09-18 01:30:00,1.18503,1.18505,1.18454,1.18468
2025-09-18 01:45:00,1.18468,1.18489,1.18436,1.18449
2025-09-18 02:00:00,1.18443,1.18459,1.18424,1.18451
2025-09-18 02:15:00,1.1845,1.18555,1.1845,1.1855
2025-09-18 02:30:00,1.18549,1.18562,1.18517,1.18521
2025-09-18 02:45:00,1.1852,1.18547,1.18501,1.18531
2025-09-18 03:00:00,1.1853,1.1853,1.18483,1.18503
2025-09-18 03:15:00,1.18503,1.1851,1.18469,1.18508
2025-09-18 03:30:00,1.18507,1.18534,1.18502,1.18508
2025-09-18 03:45:00,1.1851,1.18552,1.18496,1.1851
2025-09-18 04:00:00,1.18515,1.19183,1.18515,1.18934
2025-09-18 04:15:00,1.18927,1.1905,1.18868,1.18887
2025-09-18 04:30:00,1.18887,1.18938,1.18442,1.18497
2025-09-18 04:45:00,1.18502,1.18543,1.1819,1.18341
2025-09-18 05:00:00,1.18345,1.18565,1.18315,1.18337
2025-09-18 05:15:00,1.18338,1.18519,1.18332,1.18435
2025-09-18 05:30:00,1.18409,1.1842,1.18253,1.18321
2025-09-18 05:45:00,1.18314,1.18323,1.18206,1.18244
2025-09-18 06:00:00,1.18249,1.18274,1.18206,1.18209
2025-09-18 06:15:00,1.1821,1.18212,1.18078,1.18104
2025-09-18 06:30:00,1.18089,1.18148,1.18089,1.18142
2025-09-18 06:45:00,1.18143,1.18176,1.18108,1.18128
2025-09-18 07:00:00,1.18122,1.18122,1.18122,1.18122
2025-09-18 07:15:00,1.18113,1.18133,1.18113,1.18133
2025-09-18 07:30:00,1.18133,1.18139,1.1813,1.18137
2025-09-18 07:45:00,1.18138,1.18152,1.18134,1.18134
2025-09-18 08:00:00,1.18152,1.18179,1.18125,1.18154
2025-09-18 08:15:00,1.18152,1.18204,1.18144,1.18196
2025-09-18 08:30:00,1.18197,1.1822,1.1817,1.18218
2025-09-18 08:45:00,1.18207,1.18215,1.18157,1.18189
2025-09-18 09:00:00,1.18192,1.18235,1.18178,1.18229
2025-09-18 09:15:00,1.1823,1.18236,1.182,1.18235
2025-09-18 09:30:00,1.18236,1.18288,1.18216,1.18283
2025-09-18 09:45:00,1.1828,1.18287,1.18251,1.18252
2025-09-18 10:00:00,1.18258,1.18259,1.1815,1.18187
2025-09-18 10:15:00,1.18183,1.18234,1.18164,1.18206
2025-09-18 10:30:00,1.18206,1.18224,1.18182,1.18186
2025-09-18 10:45:00,1.18187,1.18282,1.18163,1.18251
2025-09-18 11:00:00,1.1825,1.18287,1.18156,1.18157
2025-09-18 11:15:00,1.18154,1.18166,1.1809,1.18157
2025-09-18 11:30:00,1.1816,1.1818,1.18104,1.18133
2025-09-18 11:45:00,1.18137,1.18139,1.18076,1.18136
2025-09-18 12:00:00,1.18137,1.18155,1.18126,1.18153
2025-09-18 12:15:00,1.18153,1.18223,1.18144,1.18209
2025-09-18 12:30:00,1.18214,1.18216,1.18165,1.1817
2025-09-18 12:45:00,1.18169,1.18198,1.18162,1.18194
2025-09-18 13:00:00,1.18192,1.18227,1.18171,1.18187
2025-09-18 13:15:00,1.18189,1.18189,1.1816,1.18163
2025-09-18 13:30:00,1.18166,1.18167,1.18132,1.18134
2025-09-18 13:45:00,1.18133,1.18139,1.18125,1.18128
2025-09-18 14:00:00,1.18122,1.18124,1.18099,1.18121
2025-09-18 14:15:00,1.18122,1.18136,1.18078,1.18082
2025-09-18 14:30:00,1.18081,1.18082,1.18019,1.18025
2025-09-18 14:45:00,1.18023,1.18023,1.17937,1.1795
2025-09-18 15:00:00,1.17951,1.17984,1.17907,1.17909
2025-09-18 15:15:00,1.17909,1.17988,1.17909,1.17977
2025-09-18 15:30:00,1.17978,1.18002,1.17914,1.1792
2025-09-18 15:45:00,1.17922,1.17922,1.1786,1.17907
2025-09-18 16:00:00,1.17908,1.17933,1.17806,1.17823
2025-09-18 16:15:00,1.17822,1.17904,1.17821,1.17885
2025-09-18 16:30:00,1.17892,1.17976,1.17867,1.17968
2025-09-18 16:45:00,1.1797,1.17994,1.17915,1.17943
2025-09-18 17:00:00,1.17941,1.18159,1.17937,1.18146
2025-09-18 17:15:00,1.18148,1.18252,1.18144,1.18246
2025-09-18 17:30:00,1.18243,1.18352,1.18217,1.18341
2025-09-18 17:45:00,1.18343,1.18387,1.18308,1.18317
2025-09-18 18:00:00,1.18318,1.18325,1.18238,1.18261
2025-09-18 18:15:00,1.18269,1.1827,1.1821,1.1824
2025-09-18 18:30:00,1.18241,1.18317,1.1822,1.18306
2025-09-18 18:45:00,1.1831,1.18341,1.18261,1.18277
2025-09-18 19:00:00,1.1828,1.18385,1.1827,1.18385
2025-09-18 19:15:00,1.18384,1.18409,1.1835,1.18397
2025-09-18 19:30:00,1.1839,1.18482,1.18368,1.18459
2025-09-18 19:45:00,1.18458,1.1846,1.18375,1.1838
2025-09-18 20:00:00,1.18379,1.18388,1.18333,1.18335
2025-09-18 20:15:00,1.18338,1.18394,1.1831,1.18358
2025-09-18 20:30:00,1.18357,1.18397,1.18338,1.18341
2025-09-18 20:45:00,1.18345,1.18401,1.18345,1.18367
2025-09-18 21:00:00,1.1837,1.1837,1.18275,1.18318
2025-09-18 21:15:00,1.18318,1.18322,1.18276,1.18291
2025-09-18 21:30:00,1.1829,1.18328,1.18225,1.18229
2025-09-18 21:45:00,1.18229,1.1832,1.18198,1.18251
2025-09-18 22:00:00,1.18251,1.18257,1.18162,1.18178
2025-09-18 22:15:00,1.18183,1.18206,1.1816,1.18186
2025-09-18 22:30:00,1.18128,1.18135,1.18007,1.18057
2025-09-18 22:45:00,1.18059,1.18083,1.17953,1.17955
2025-09-18 23:00:00,1.17944,1.17961,1.1784,1.17906
2025-09-18 23:15:00,1.17906,1.17931,1.17826,1.17846
2025-09-18 23:30:00,1.17848,1.17859,1.17504,1.1751
2025-09-18 23:45:00,1.17506,1.17674,1.17503,1.17671
2025-09-19 00:00:00,1.1766,1.17767,1.17629,1.17749
2025-09-19 00:15:00,1.1775,1.17787,1.17722,1.17762
2025-09-19 00:30:00,1.17765,1.17812,1.17674,1.17683
2025-09-19 00:45:00,1.17683,1.1779,1.17679,1.17755
2025-09-19 01:00:00,1.17756,1.17858,1.17716,1.17762
2025-09-19 01:15:00,1.1777,1.17876,1.17762,1.17871
2025-09-19 01:30:00,1.17867,1.17876,1.17735,1.17741
2025-09-19 01:45:00,1.17729,1.17805,1.17694,1.17795
2025-09-19 02:00:00,1.17792,1.17846,1.17747,1.17779
2025-09-19 02:15:00,1.17776,1.17819,1.17722,1.17762
2025-09-19 02:30:00,1.17761,1.17787,1.17735,1.17773
2025-09-19 02:45:00,1.17774,1.17878,1.17774,1.17869
2025-09-19 03:00:00,1.1787,1.1792,1.17859,1.17896
2025-09-19 03:15:00,1.17897,1.17925,1.17874,1.17913
2025-09-19 03:30:00,1.1792,1.17937,1.17911,1.17917
2025-09-19 03:45:00,1.17917,1.17926,1.17858,1.17876
2025-09-19 04:00:00,1.17875,1.17895,1.17839,1.17887
2025-09-19 04:15:00,1.17885,1.17895,1.17841,1.17871
2025-09-19 04:30:00,1.17872,1.17879,1.17823,1.17823
2025-09-19 04:45:00,1.17823,1.17887,1.1782,1.17878
2025-09-19 05:00:00,1.17874,1.179,1.17857,1.1789
2025-09-19 05:15:00,1.17889,1.17911,1.17872,1.17873
2025-09-19 05:30:00,1.17874,1.17885,1.17831,1.17846
2025-09-19 05:45:00,1.17846,1.1785,1.17826,1.17848
2025-09-19 06:00:00,1.1785,1.1785,1.17812,1.17843
2025-09-19 06:15:00,1.17844,1.17855,1.17839,1.17848
2025-09-19 06:30:00,1.17849,1.17857,1.17815,1.17844
2025-09-19 06:45:00,1.17843,1.17867,1.17817,1.17859
2025-09-19 07:00:00,1.17849,1.17849,1.17849,1.17849
2025-09-19 07:15:00,1.1786,1.1787,1.1786,1.17866
2025-09-19 07:30:00,1.17866,1.17874,1.17856,1.17861
2025-09-19 07:45:00,1.17861,1.17867,1.17847,1.17867
2025-09-19 08:00:00,1.17856,1.17874,1.17849,1.17872
2025-09-19 08:15:00,1.17867,1.1787,1.17841,1.17864
2025-09-19 08:30:00,1.17867,1.17895,1.17854,1.17867
2025-09-19 08:45:00,1.17871,1.17885,1.17857,1.17867
2025-09-19 09:00:00,1.17865,1.17885,1.17864,1.1787
2025-09-19 09:15:00,1.17871,1.17882,1.17865,1.17881
2025-09-19 09:30:00,1.1788,1.17894,1.17867,1.17892
2025-09-19 09:45:00,1.17891,1.17906,1.17885,1.17889
2025-09-19 10:00:00,1.17885,1.17905,1.17757,1.17772
2025-09-19 10:15:00,1.17779,1.17791,1.17752,1.17784
2025-09-19 10:30:00,1.17784,1.17816,1.17784,1.17808
2025-09-19 10:45:00,1.17809,1.17887,1.17797,1.17865
2025-09-19 11:00:00,1.17866,1.17867,1.17788,1.17793
2025-09-19 11:15:00,1.17799,1.17805,1.17769,1.17793
2025-09-19 11:30:00,1.17794,1.17834,1.1779,1.17803
2025-09-19 11:45:00,1.17802,1.17802,1.17744,1.17753
2025-09-19 12:00:00,1.1775,1.17765,1.1772,1.17737
2025-09-19 12:15:00,1.17738,1.17767,1.1773,1.17756
2025-09-19 12:30:00,1.17749,1.17806,1.17738,1.17801
2025-09-19 12:45:00,1.17803,1.17806,1.17781,1.17795
2025-09-19 13:00:00,1.17802,1.17854,1.17802,1.1784
2025-09-19 13:15:00,1.17839,1.17924,1.17839,1.17907
2025-09-19 13:30:00,1.17909,1.1792,1.17872,1.17874
2025-09-19 13:45:00,1.17876,1.17919,1.17809,1.17819
2025-09-19 14:00:00,1.17818,1.17897,1.17818,1.17867
2025-09-19 14:15:00,1.17872,1.17876,1.17781,1.17794
2025-09-19 14:30:00,1.17795,1.17795,1.17705,1.17734
2025-09-19 14:45:00,1.17736,1.17746,1.17709,1.17739
2025-09-19 15:00:00,1.17738,1.17768,1.17737,1.17753
2025-09-19 15:15:00,1.1775,1.17766,1.17747,1.17764
2025-09-19 15:30:00,1.17764,1.17777,1.17712,1.17744
2025-09-19 15:45:00,1.17743,1.17753,1.17709,1.17731
2025-09-19 16:00:00,1.1773,1.17775,1.17662,1.17759
2025-09-19 16:15:00,1.17753,1.17753,1.17679,1.17715
2025-09-19 16:30:00,1.17714,1.17756,1.17633,1.17714
2025-09-19 16:45:00,1.17715,1.1774,1.17637,1.17665
2025-09-19 17:00:00,1.17668,1.17704,1.17574,1.17676
2025-09-19 17:15:00,1.17671,1.17781,1.17652,1.17743
2025-09-19 17:30:00,1.17741,1.17772,1.17692,1.17695
2025-09-19 17:45:00,1.17694,1.17769,1.17658,1.177
2025-09-19 18:00:00,1.17698,1.17708,1.17563,1.17579
2025-09-19 18:15:00,1.17581,1.17595,1.17513,1.17559
2025-09-19 18:30:00,1.17559,1.17645,1.1754,1.17551
2025-09-19 18:45:00,1.1755,1.17626,1.17549,1.1761
2025-09-19 19:00:00,1.17609,1.17686,1.17598,1.17645
2025-09-19 19:15:00,1.17646,1.17687,1.17645,1.17651
2025-09-19 19:30:00,1.1765,1.17672,1.17622,1.17636
2025-09-19 19:45:00,1.17637,1.17637,1.17563,1.17595
2025-09-19 20:00:00,1.17595,1.1765,1.1759,1.17601
2025-09-19 20:15:00,1.17602,1.17647,1.17589,1.17614
2025-09-19 20:30:00,1.17613,1.17625,1.17585,1.17611
2025-09-19 20:45:00,1.17611,1.17647,1.17601,1.1761
2025-09-19 21:00:00,1.17614,1.17621,1.1753,1.17541
2025-09-19 21:15:00,1.17541,1.17586,1.1754,1.17557
2025-09-19 21:30:00,1.17559,1.17601,1.17477,1.17484
2025-09-19 21:45:00,1.17483,1.17486,1.17351,1.17367
2025-09-19 22:00:00,1.17369,1.17424,1.17354,1.17419
2025-09-19 22:15:00,1.17422,1.17432,1.17292,1.17336
2025-09-19 22:30:00,1.17325,1.17365,1.17288,1.17355
2025-09-19 22:45:00,1.17355,1.17372,1.17305,1.1736
2025-09-19 23:00:00,1.1736,1.17528,1.17355,1.17522
2025-09-19 23:15:00,1.17518,1.17576,1.17458,1.17506
2025-09-19 23:30:00,1.17503,1.17547,1.17469,1.17534
2025-09-19 23:45:00,1.17536,1.17637,1.17529,1.17582
2025-09-20 00:00:00,1.1758,1.17638,1.17571,1.17583
2025-09-20 00:15:00,1.17583,1.17667,1.17569,1.17618
2025-09-20 00:30:00,1.17617,1.17677,1.17598,1.17656
2025-09-20 00:45:00,1.17648,1.17648,1.1756,1.17569
2025-09-20 01:00:00,1.17571,1.17591,1.17495,1.17528
2025-09-20 01:15:00,1.17525,1.17528,1.17428,1.1743
2025-09-20 01:30:00,1.17435,1.17472,1.17372,1.17468
2025-09-20 01:45:00,1.17449,1.17533,1.17443,1.17521
2025-09-20 02:00:00,1.17523,1.17551,1.17427,1.17434
2025-09-20 02:15:00,1.17434,1.17455,1.17414,1.17421
2025-09-20 02:30:00,1.17411,1.17505,1.17411,1.17499
2025-09-20 02:45:00,1.17499,1.17532,1.17446,1.17531
2025-09-20 03:00:00,1.1753,1.1755,1.17492,1.17496
2025-09-20 03:15:00,1.17497,1.17519,1.17489,1.17507
2025-09-20 03:30:00,1.1751,1.17527,1.17486,1.17506
2025-09-20 03:45:00,1.17507,1.17541,1.17507,1.17507
2025-09-20 04:00:00,1.17506,1.17512,1.17475,1.17502
2025-09-20 04:15:00,1.17502,1.17507,1.17471,1.17481
2025-09-20 04:30:00,1.17483,1.17499,1.17472,1.17474
2025-09-20 04:45:00,1.17475,1.17503,1.17468,1.17481
2025-09-20 05:00:00,1.17477,1.17498,1.1747,1.17485
2025-09-20 05:15:00,1.17485,1.17493,1.1746,1.17466
2025-09-20 05:30:00,1.17466,1.17488,1.17452,1.17478
2025-09-20 05:45:00,1.17477,1.17507,1.17467,1.17476
2025-09-20 06:00:00,1.17476,1.17478,1.17431,1.17433
2025-09-20 06:15:00,1.17431,1.17459,1.17416,1.17442
2025-09-20 06:30:00,1.17441,1.17448,1.17406,1.17428
2025-09-20 06:45:00,1.17435,1.17459,1.17407,1.17442
2025-09-20 07:00:00,1.17442,1.17442,1.17442,1.17442
2025-09-20 07:15:00,1.17442,1.17442,1.17442,1.17442
2025-09-20 07:30:00,1.17442,1.17442,1.17442,1.17442
2025-09-20 07:45:00,1.17442,1.17442,1.17442,1.17442
2025-09-20 08:00:00,1.17442,1.17442,1.17442,1.17442
2025-09-20 08:15:00,1.17442,1.17442,1.17442,1.17442
2025-09-20 08:30:00,1.17442,1.17442,1.17442,1.17442
2025-09-20 08:45:00,1.17442,1.17442,1.17442,1.17442
2025-09-22 09:00:00,1.17408,1.17415,1.17386,1.17393
2025-09-22 09:15:00,1.17395,1.17409,1.1739,1.1739
2025-09-22 09:30:00,1.17392,1.17404,1.17371,1.17393
2025-09-22 09:45:00,1.17392,1.17393,1.17358,1.17365
2025-09-22 10:00:00,1.17358,1.17358,1.173,1.17348
2025-09-22 10:15:00,1.17348,1.17378,1.17323,1.17374
2025-09-22 10:30:00,1.17374,1.17374,1.17327,1.1733
2025-09-22 10:45:00,1.1733,1.17345,1.17261,1.17344
2025-09-22 11:00:00,1.17348,1.1741,1.17338,1.17378
2025-09-22 11:15:00,1.17375,1.17406,1.17358,1.17363
2025-09-22 11:30:00,1.17354,1.1738,1.17334,1.17363
2025-09-22 11:45:00,1.17364,1.17382,1.17318,1.17323
2025-09-22 12:00:00,1.17325,1.17336,1.17282,1.1731
2025-09-22 12:15:00,1.17308,1.17309,1.17278,1.17287
2025-09-22 12:30:00,1.17286,1.17318,1.17273,1.17314
2025-09-22 12:45:00,1.17317,1.17317,1.17273,1.17279
2025-09-22 13:00:00,1.17279,1.1734,1.17279,1.17335
2025-09-22 13:15:00,1.17334,1.17348,1.17322,1.17328
2025-09-22 13:30:00,1.17329,1.17341,1.17306,1.17332
2025-09-22 13:45:00,1.1733,1.17346,1.17319,1.17322
2025-09-22 14:00:00,1.17322,1.17322,1.17279,1.17314
2025-09-22 14:15:00,1.1731,1.17312,1.17264,1.17266
2025-09-22 14:30:00,1.17269,1.17288,1.17265,1.17278
2025-09-22 14:45:00,1.17277,1.17307,1.17272,1.17306
2025-09-22 15:00:00,1.17303,1.17317,1.17298,1.17309
2025-09-22 15:15:00,1.17309,1.17345,1.17307,1.1734
2025-09-22 15:30:00,1.17338,1.17349,1.17313,1.17338
2025-09-22 15:45:00,1.17338,1.17385,1.17338,1.17385
2025-09-22 16:00:00,1.17384,1.17417,1.17361,1.17383
2025-09-22 16:15:00,1.17384,1.1744,1.17362,1.17434
2025-09-22 16:30:00,1.17428,1.17461,1.17398,1.17459
2025-09-22 16:45:00,1.17456,1.17485,1.17416,1.17432
2025-09-22 17:00:00,1.17434,1.17484,1.17393,1.17399
2025-09-22 17:15:00,1.17398,1.1754,1.17391,1.17539
2025-09-22 17:30:00,1.17541,1.17542,1.17474,1.17512
2025-09-22 17:45:00,1.17511,1.17536,1.17481,1.17485
2025-09-22 18:00:00,1.17483,1.17634,1.17469,1.17619
2025-09-22 18:15:00,1.1762,1.17674,1.17611,1.17639
2025-09-22 18:30:00,1.17639,1.17691,1.17634,1.17648
2025-09-22 18:45:00,1.1765,1.17665,1.17611,1.17623
2025-09-22 19:00:00,1.17624,1.17667,1.17621,1.17667
2025-09-22 19:15:00,1.17662,1.17696,1.17623,1.17639
2025-09-22 19:30:00,1.17638,1.17671,1.17615,1.17654
2025-09-22 19:45:00,1.17659,1.1776,1.17656,1.17759
2025-09-22 20:00:00,1.17759,1.17806,1.17749,1.17797
2025-09-22 20:15:00,1.17796,1.17857,1.17748,1.17811
2025-09-22 20:30:00,1.1781,1.1781,1.17738,1.17758
2025-09-22 20:45:00,1.17759,1.17783,1.17738,1.17741
2025-09-22 21:00:00,1.17738,1.17743,1.17706,1.17709
2025-09-22 21:15:00,1.17707,1.17751,1.17694,1.17736
2025-09-22 21:30:00,1.17744,1.17783,1.17743,1.17759
2025-09-22 21:45:00,1.17761,1.17821,1.17735,1.17781
2025-09-22 22:00:00,1.17786,1.17861,1.17784,1.17826
2025-09-22 22:15:00,1.17823,1.17831,1.17733,1.17743
2025-09-22 22:30:00,1.17744,1.17853,1.17737,1.17836
2025-09-22 22:45:00,1.17837,1.17871,1.17808,1.17831
2025-09-22 23:00:00,1.17838,1.17876,1.1777,1.17826
2025-09-22 23:15:00,1.17823,1.17855,1.1781,1.17822
2025-09-22 23:30:00,1.17827,1.17827,1.17742,1.17744
2025-09-22 23:45:00,1.17744,1.17775,1.17687,1.17767
2025-09-23 00:00:00,1.17766,1.1777,1.17674,1.17697
2025-09-23 00:15:00,1.1769,1.177,1.17632,1.17657
2025-09-23 00:30:00,1.17658,1.17692,1.17628,1.1769
2025-09-23 00:45:00,1.17691,1.17737,1.17673,1.17697
2025-09-23 01:00:00,1.17696,1.17725,1.17645,1.17645
2025-09-23 01:15:00,1.17644,1.17732,1.17642,1.17726
2025-09-23 01:30:00,1.17724,1.17753,1.17716,1.17743
2025-09-23 01:45:00,1.17742,1.17747,1.17697,1.17726
2025-09-23 02:00:00,1.1772,1.17844,1.17714,1.17829
2025-09-23 02:15:00,1.1783,1.179,1.17828,1.17888
2025-09-23 02:30:00,1.17888,1.17895,1.1785,1.17885
2025-09-23 02:45:00,1.17879,1.17896,1.17846,1.17881
2025-09-23 03:00:00,1.17883,1.17892,1.17859,1.17865
2025-09-23 03:15:00,1.17866,1.17895,1.1786,1.17893
2025-09-23 03:30:00,1.17891,1.17948,1.17884,1.17946
2025-09-23 03:45:00,1.17949,1.17968,1.1793,1.17966
2025-09-23 04:00:00,1.17962,1.1799,1.17932,1.17936
2025-09-23 04:15:00,1.17937,1.17946,1.17929,1.17939
2025-09-23 04:30:00,1.17936,1.17962,1.17923,1.17923
2025-09-23 04:45:00,1.17924,1.1797,1.17923,1.17964
2025-09-23 05:00:00,1.17964,1.17974,1.17954,1.17964
2025-09-23 05:15:00,1.17967,1.17997,1.17963,1.1799
2025-09-23 05:30:00,1.17989,1.17994,1.1798,1.17986
2025-09-23 05:45:00,1.17985,1.18021,1.17983,1.17997
2025-09-23 06:00:00,1.17999,1.18012,1.17984,1.17997
2025-09-23 06:15:00,1.17998,1.18001,1.17983,1.17999
2025-09-23 06:30:00,1.18005,1.18009,1.1798,1.18007
2025-09-23 06:45:00,1.18004,1.18037,1.18003,1.18034
2025-09-23 07:00:00,1.18027,1.18027,1.18027,1.18027
2025-09-23 07:15:00,1.1789,1.1799,1.1789,1.17976
2025-09-23 07:30:00,1.17976,1.17998,1.17974,1.1799
2025-09-23 07:45:00,1.17987,1.17988,1.17942,1.1798
2025-09-23 08:00:00,1.17976,1.18036,1.17976,1.18005
2025-09-23 08:15:00,1.18004,1.18021,1.18004,1.1802
2025-09-23 08:30:00,1.18019,1.18022,1.17994,1.18001
2025-09-23 08:45:00,1.18001,1.18012,1.17993,1.18009
2025-09-23 09:00:00,1.18013,1.18018,1.18006,1.18015
2025-09-23 09:15:00,1.1801,1.18025,1.18008,1.18023
2025-09-23 09:30:00,1.18024,1.18027,1.18015,1.18018
2025-09-23 09:45:00,1.18016,1.18019,1.17995,1.18005
2025-09-23 10:00:00,1.18005,1.1801,1.17968,1.17975
2025-09-23 10:15:00,1.17974,1.1801,1.17971,1.18007
2025-09-23 10:30:00,1.18008,1.18057,1.18006,1.18043
2025-09-23 10:45:00,1.18042,1.18074,1.18041,1.18062
2025-09-23 11:00:00,1.1806,1.18074,1.18041,1.18062
2025-09-23 11:15:00,1.1806,1.18086,1.18055,1.18082
2025-09-23 11:30:00,1.18081,1.18179,1.18071,1.18175
2025-09-23 11:45:00,1.18176,1.18198,1.18144,1.18147
2025-09-23 12:00:00,1.18147,1.18166,1.18055,1.18064
2025-09-23 12:15:00,1.18065,1.18106,1.18045,1.18046
2025-09-23 12:30:00,1.18045,1.18053,1.18016,1.18042
2025-09-23 12:45:00,1.18041,1.18049,1.18027,1.18043
2025-09-23 13:00:00,1.18042,1.18047,1.17966,1.1799
2025-09-23 13:15:00,1.1799,1.18064,1.1799,1.18032
2025-09-23 13:30:00,1.18032,1.18078,1.18016,1.18043
2025-09-23 13:45:00,1.18078,1.18092,1.18037,1.18055
2025-09-23 14:00:00,1.18056,1.18076,1.18022,1.18024
2025-09-23 14:15:00,1.1802,1.1802,1.17976,1.17993
2025-09-23 14:30:00,1.17993,1.18028,1.17993,1.18011
2025-09-23 14:45:00,1.18009,1.18012,1.17974,1.17977
2025-09-23 15:00:00,1.1797,1.17999,1.1795,1.17981
2025-09-23 15:15:00,1.17981,1.18025,1.17981,1.18022
2025-09-23 15:30:00,1.18023,1.18049,1.17998,1.18019
2025-09-23 15:45:00,1.18021,1.18025,1.17983,1.17986
2025-09-23 16:00:00,1.17984,1.17984,1.17919,1.17924
2025-09-23 16:15:00,1.17924,1.17980,1.17908,1.17934
2025-09-23 16:30:00,1.17934,1.17979,1.17901,1.17976
2025-09-23 16:45:00,1.17985,1.18043,1.17945,1.17948
2025-09-23 17:00:00,1.1795,1.17972,1.17861,1.17901
2025-09-23 17:15:00,1.178,1.17881,1.17785,1.17881
2025-09-23 17:30:00,1.17955,1.17998,1.17875,1.17906
2025-09-23 17:45:00,1.17908,1.17953,1.17882,1.17904
2025-09-23 18:00:00,1.17897,1.17927,1.1784,1.17862
2025-09-23 18:15:00,1.17862,1.17971,1.1785,1.17954
2025-09-23 18:30:00,1.17946,1.18027,1.17925,1.18011
2025-09-23 18:45:00,1.18013,1.18052,1.17987,1.18027
2025-09-23 19:00:00,1.1803,1.1806,1.18022,1.18052
2025-09-23 19:15:00,1.18053,1.18122,1.18046,1.181
2025-09-23 19:30:00,1.18101,1.18107,1.18031,1.18031
2025-09-23 19:45:00,1.18031,1.18048,1.18004,1.18022
2025-09-23 20:00:00,1.18024,1.1806,1.17964,1.18059
2025-09-23 20:15:00,1.18057,1.18067,1.17926,1.17931
2025-09-23 20:30:00,1.17933,1.17973,1.17908,1.17919
2025-09-23 20:45:00,1.17922,1.1797,1.17918,1.1796
2025-09-23 21:00:00,1.17961,1.17998,1.1794,1.17946
2025-09-23 21:15:00,1.17949,1.17967,1.17916,1.17933
2025-09-23 21:30:00,1.1793,1.17963,1.17916,1.17962
2025-09-23 21:45:00,1.17961,1.17978,1.17916,1.17917
2025-09-23 22:00:00,1.1792,1.17967,1.1791,1.17911
2025-09-23 22:15:00,1.17914,1.1793,1.17845,1.17894
2025-09-23 22:30:00,1.17893,1.17934,1.17871,1.17931
2025-09-23 22:45:00,1.17931,1.17983,1.17927,1.17968
2025-09-23 23:00:00,1.17969,1.18046,1.17955,1.17972
2025-09-23 23:15:00,1.17978,1.18019,1.17945,1.17945
2025-09-23 23:30:00,1.1795,1.1797,1.17914,1.17949
2025-09-23 23:45:00,1.1798,1.17995,1.17844,1.17995
2025-09-24 00:00:00,1.17996,1.18053,1.17941,1.17985
2025-09-24 00:15:00,1.17987,1.18017,1.17926,1.17964
2025-09-24 00:30:00,1.17964,1.18014,1.17929,1.18001
2025-09-24 00:45:00,1.18001,1.18004,1.17944,1.17953
2025-09-24 01:00:00,1.17951,1.1799,1.1792,1.17929
2025-09-24 01:15:00,1.17927,1.17964,1.17902,1.17906
2025-09-24 01:30:00,1.17909,1.17919,1.17881,1.17916
2025-09-24 01:45:00,1.17919,1.1799,1.17902,1.17983
2025-09-24 02:00:00,1.1799,1.18025,1.17959,1.1801
2025-09-24 02:15:00,1.18011,1.18072,1.18008,1.18053
2025-09-24 02:30:00,1.18053,1.18067,1.17928,1.18043
2025-09-24 02:45:00,1.18058,1.18092,1.18041,1.18049
2025-09-24 03:00:00,1.18048,1.18094,1.18046,1.18077
2025-09-24 03:15:00,1.18081,1.18126,1.18029,1.18097
2025-09-24 03:30:00,1.181,1.18173,1.181,1.18147
2025-09-24 03:45:00,1.18148,1.18177,1.18098,1.18119
2025-09-24 04:00:00,1.18115,1.18153,1.18092,1.18145
2025-09-24 04:15:00,1.18144,1.18164,1.18098,1.18131
2025-09-24 04:30:00,1.18124,1.18167,1.18121,1.18165
2025-09-24 04:45:00,1.18162,1.18166,1.18083,1.18111
2025-09-24 05:00:00,1.18112,1.18142,1.18098,1.18112
2025-09-24 05:15:00,1.18113,1.18124,1.18069,1.18118
2025-09-24 05:30:00,1.18121,1.1816,1.18103,1.18157
2025-09-24 05:45:00,1.18155,1.1818,1.18147,1.18163
2025-09-24 06:00:00,1.18169,1.18183,1.18153,1.18157
2025-09-24 06:15:00,1.18152,1.18156,1.18144,1.18153
2025-09-24 06:30:00,1.18153,1.18153,1.18118,1.18133
2025-09-24 06:45:00,1.18133,1.1816,1.18131,1.18152
2025-09-24 07:00:00,1.18152,1.18152,1.18152,1.18152
2025-09-24 07:15:00,1.18152,1.18152,1.18102,1.18109
2025-09-24 07:30:00,1.18108,1.18139,1.18104,1.18137
2025-09-24 07:45:00,1.18135,1.18144,1.18132,1.18138
2025-09-24 08:00:00,1.18141,1.18188,1.18141,1.18163
2025-09-24 08:15:00,1.18162,1.18173,1.18139,1.18143
2025-09-24 08:30:00,1.18146,1.18159,1.18141,1.18151
2025-09-24 08:45:00,1.1815,1.18157,1.18142,1.18145
2025-09-24 09:00:00,1.18147,1.18151,1.18135,1.18137
2025-09-24 09:15:00,1.18138,1.18173,1.18137,1.18169
2025-09-24 09:30:00,1.1817,1.18174,1.18136,1.18143
2025-09-24 09:45:00,1.18142,1.18154,1.18127,1.18154
2025-09-24 10:00:00,1.18157,1.18165,1.18077,1.18085
2025-09-24 10:15:00,1.18085,1.18117,1.18052,1.18064
2025-09-24 10:30:00,1.18065,1.18074,1.18039,1.18073
2025-09-24 10:45:00,1.18072,1.1808,1.18034,1.18038
2025-09-24 11:00:00,1.18037,1.18052,1.18002,1.1804
2025-09-24 11:15:00,1.1804,1.18047,1.17976,1.17994
2025-09-24 11:30:00,1.17996,1.18034,1.17996,1.18013
2025-09-24 11:45:00,1.1801,1.18043,1.17992,1.17999
2025-09-24 12:00:00,1.17999,1.18023,1.17985,1.18012
2025-09-24 12:15:00,1.1801,1.18038,1.17978,1.17985
2025-09-24 12:30:00,1.17983,1.18004,1.17961,1.17998
2025-09-24 12:45:00,1.17997,1.18011,1.17964,1.17968
2025-09-24 13:00:00,1.17963,1.17994,1.1795,1.17988
2025-09-24 13:15:00,1.17987,1.17994,1.17961,1.17983
2025-09-24 13:30:00,1.17983,1.17993,1.1797,1.1799
2025-09-24 13:45:00,1.17992,1.17999,1.17971,1.17972
2025-09-24 14:00:00,1.17974,1.18005,1.17955,1.17999
2025-09-24 14:15:00,1.17994,1.18025,1.1799,1.18024
2025-09-24 14:30:00,1.18023,1.18043,1.17971,1.17987
2025-09-24 14:45:00,1.17988,1.18033,1.17983,1.18029
2025-09-24 15:00:00,1.18028,1.18047,1.18009,1.18011
2025-09-24 15:15:00,1.18012,1.18028,1.17999,1.18019
2025-09-24 15:30:00,1.18017,1.18017,1.17962,1.17967
2025-09-24 15:45:00,1.17968,1.17983,1.17923,1.17978
2025-09-24 16:00:00,1.17978,1.18028,1.17943,1.17952
2025-09-24 16:15:00,1.17946,1.17971,1.1789,1.17929
2025-09-24 16:30:00,1.17932,1.17948,1.1787,1.17926
2025-09-24 16:45:00,1.17927,1.17932,1.17861,1.17873
2025-09-24 17:00:00,1.17872,1.17946,1.17844,1.17866
2025-09-24 17:15:00,1.17866,1.17913,1.1785,1.17888
2025-09-24 17:30:00,1.17883,1.17946,1.17855,1.17913
2025-09-24 17:45:00,1.17911,1.1792,1.17882,1.17887
2025-09-24 18:00:00,1.17882,1.17882,1.17797,1.17829
